MODULE,CC,CALL,LOC,BUG
24972,5,2,24,0
24973,4,3,31,1
24974,5,1,29,1
24975,1,2,7,0
24976,2,2,12,0
24977,13,13,106,0
24978,3,2,15,0
24979,5,5,25,0
24980,15,0,46,0
24981,5,2,34,0
24982,2,0,10,0
24983,7,0,23,0
24984,7,0,23,0
24985,5,4,31,0
24986,5,6,24,0
24987,2,1,13,0
24988,1,1,6,0
24989,2,1,33,0
24990,1,1,6,0
24991,5,0,41,0
24992,4,0,21,0
24993,41,9,177,0
24994,5,2,14,0
24995,70,26,361,0
24996,13,11,76,0
24997,1,1,31,0
24998,3,1,20,0
24999,5,3,27,0
25000,3,7,15,0
25001,4,3,13,0
25002,3,4,25,0
25003,4,5,22,0
25004,6,4,28,0
25005,2,1,18,0
25006,5,3,24,0
25007,5,4,38,0
25008,5,5,31,0
25009,37,5,196,1
25010,6,10,32,0
25011,10,5,71,1
25012,2,2,15,1
25013,9,4,62,0
25014,6,12,41,0
25015,2,2,8,0
25016,4,2,25,0
25017,13,10,143,1
25018,3,3,17,0
25019,1,1,8,0
25020,4,2,18,0
25021,6,5,33,1
25022,4,3,92,1
25023,7,5,44,1
25024,1,2,6,0
25025,7,7,48,0
25026,10,6,127,0
25027,4,9,21,0
25028,12,2,65,0
25029,2,2,32,0
25030,5,7,23,0
25031,2,0,8,0
25032,11,8,63,0
25033,4,4,22,0
25034,7,4,36,0
25035,2,1,23,0
25036,5,3,20,0
25037,4,3,17,0
25038,15,7,73,0
25039,2,1,6,0
25040,4,5,17,0
25041,13,7,64,0
25042,4,1,20,0
25043,6,1,24,0
25044,6,1,24,0
25045,3,0,9,0
25046,5,0,9,0
25047,3,0,9,0
25048,1,0,12,1
25049,1,0,12,1
25050,2,0,14,0
25051,5,8,60,0
25052,1,1,10,0
25053,3,2,16,0
25054,2,2,12,0
25055,2,0,13,0
25056,30,25,133,1
25057,2,3,16,0
25058,4,2,27,0
25059,5,2,31,0
25060,1,0,10,0
25061,5,3,37,0
25062,1,0,8,0
25063,1,0,8,0
25064,1,0,9,0
25065,1,0,9,0
25066,1,0,7,0
25067,4,1,26,0
25068,1,0,7,0
25069,1,0,14,0
25070,1,0,9,0
25071,1,0,11,0
25072,6,1,34,0
25073,1,0,7,0
25074,7,5,31,0
25075,1,0,8,0
25076,1,0,6,0
25077,1,0,7,0
25078,2,0,15,0
25079,1,0,16,0
25080,1,0,19,0
25081,4,2,15,0
25082,29,13,130,0
25083,4,8,30,0
25084,6,8,34,0
25085,9,7,59,0
25086,4,1,16,0
25087,12,1,65,0
25088,1,1,8,0
25089,20,6,91,1
25090,3,3,20,0
25091,1,0,6,0
25092,10,0,58,1
25093,15,0,50,0
25094,3,0,12,0
25095,17,7,93,0
25096,19,6,69,0
25097,3,0,16,0
25098,3,0,20,0
25099,17,16,154,0
25100,16,3,72,0
25101,18,10,125,0
25102,1,0,6,0
25103,5,2,29,0
25104,3,1,18,0
25105,11,7,55,0
25106,3,2,47,0
25107,6,2,32,0
25108,3,4,21,0
25109,2,0,14,0
25110,3,6,21,0
25111,3,4,28,1
25112,1,0,10,0
25113,1,0,6,0
25114,1,0,12,0
25115,2,3,18,0
25116,4,5,36,0
25117,32,13,160,0
25118,20,12,149,1
25119,73,24,411,1
25120,1,0,6,0
25121,1,0,6,0
25122,1,0,6,0
25123,1,0,12,0
25124,1,0,12,0
25125,1,0,9,0
25126,1,0,6,0
25127,1,0,6,0
25128,1,0,6,0
25129,15,5,121,1
25130,1,0,12,0
25131,1,0,12,0
25132,1,0,6,0
25133,1,0,6,0
25134,1,0,6,0
25135,1,0,6,0
25136,1,0,6,0
25137,1,0,6,0
25138,1,0,6,0
25139,2,0,13,0
25140,1,0,6,0
25141,25,8,128,0
25142,5,0,20,0
25143,6,3,27,0
25144,1,0,3,0
25145,10,4,47,0
25146,3,9,16,0
25147,1,2,15,0
25148,1,1,13,0
25149,4,4,41,0
25150,2,0,14,0
25151,2,0,14,0
25152,3,4,27,0
25153,2,2,21,0
25154,1,1,6,0
25155,3,1,16,0
25156,9,3,55,0
25157,5,3,22,0
25158,1,0,6,0
25159,1,0,9,0
25160,12,10,79,1
25161,25,2,138,0
25162,1,0,11,0
25163,4,9,23,0
25164,1,3,17,0
25165,13,5,60,0
25166,5,4,32,0
25167,3,5,28,0
25168,4,5,41,1
25169,2,4,19,0
25170,2,4,19,0
25171,4,7,38,0
25172,2,14,41,0
25173,2,9,30,0
25174,15,8,149,0
25175,2,4,19,0
25176,20,12,130,1
25177,9,6,57,1
25178,2,4,42,0
25179,2,2,14,0
25180,2,5,22,0
25181,3,0,27,0
25182,1,0,8,0
25183,1,0,7,0
25184,5,0,31,0
25185,1,0,8,0
25186,1,0,11,0
25187,1,0,3,0
25188,1,0,3,0
25189,1,1,3,0
25190,1,1,4,0
25191,1,1,3,0
25192,1,0,4,0
25193,10,5,127,0
25194,5,3,49,1
25195,4,4,45,0
25196,15,10,92,0
25197,4,0,18,0
25198,6,4,36,0
25199,1,1,5,0
25200,3,1,22,0
25201,4,4,30,0
25202,1,0,5,0
25203,4,1,16,0
25204,1,0,5,0
25205,4,1,15,0
25206,10,8,40,0
25207,1,0,5,0
25208,1,0,5,0
25209,2,2,12,0
25210,1,0,5,0
25211,6,5,44,0
25212,5,1,31,0
25213,6,4,22,0
25214,4,4,20,0
25215,2,2,25,0
25216,2,1,10,0
25217,2,1,10,0
25218,1,0,5,0
25219,3,1,14,0
25220,6,4,27,0
25221,1,1,6,0
25222,4,3,20,0
25223,7,4,28,0
25224,1,0,3,0
25225,12,8,45,0
25226,1,5,34,0
25227,2,0,11,0
25228,2,0,11,0
25229,8,4,27,0
25230,2,1,10,0
25231,2,0,9,0
25232,2,0,9,0
25233,10,8,98,0
25234,25,9,172,0
25235,1,2,6,0
25236,3,3,28,1
25237,4,7,43,0
25238,2,4,36,0
25239,4,2,21,0
25240,1,0,6,0
25241,1,0,5,0
25242,1,0,5,0
25243,1,0,8,0
25244,1,0,6,0
25245,4,1,16,0
25246,3,2,14,0
25247,19,6,88,0
25248,4,6,29,0
25249,21,14,60,0
25250,10,5,52,0
25251,1,1,7,0
25252,1,4,8,0
25253,19,10,101,0
25254,8,3,29,0
25255,6,5,22,0
25256,1,2,20,0
25257,6,3,29,0
25258,1,1,9,0
25259,4,1,15,0
25260,2,3,14,0
25261,3,0,22,0
25262,15,3,63,0
25263,2,0,9,0
25264,2,0,9,0
25265,4,3,17,0
25266,5,8,27,0
25267,7,2,37,0
25268,9,5,62,0
25269,2,3,12,0
25270,4,1,24,0
25271,3,2,13,0
25272,3,0,32,0
25273,2,4,10,0
25274,3,2,17,0
25275,2,0,7,0
25276,1,2,3,0
25277,1,0,7,0
25278,3,0,9,0
25279,3,0,11,0
25280,1,0,4,0
25281,1,0,3,0
25282,2,0,7,0
25283,1,2,3,0
25284,1,0,7,0
25285,3,0,9,0
25286,3,0,11,0
25287,1,0,4,0
25288,1,0,3,0
25289,2,0,7,0
25290,1,2,3,0
25291,1,0,7,0
25292,3,0,9,0
25293,3,0,11,0
25294,1,0,4,0
25295,1,0,3,0
25296,6,4,48,0
25297,2,2,7,0
25298,2,2,7,0
25299,2,2,7,0
25300,2,2,7,0
25301,2,2,7,0
25302,2,2,7,0
25303,2,2,7,0
25304,4,0,15,0
25305,1,0,2,0
25306,1,0,2,0
25307,1,0,3,0
25308,1,0,4,0
25309,2,0,9,0
25310,2,0,8,0
25311,2,0,8,0
25312,1,0,3,0
25313,1,2,4,0
25314,2,0,8,0
25315,2,2,9,0
25316,3,3,13,0
25317,1,0,3,0
25318,1,2,4,0
25319,9,4,24,0
25320,4,3,25,0
25321,23,12,176,0
25322,4,4,32,0
25323,2,5,18,0
25324,3,1,14,0
25325,4,4,29,0
25326,18,4,104,0
25327,12,10,68,0
25328,1,1,7,0
25329,4,3,21,0
25330,8,7,71,1
25331,2,2,22,1
25332,2,1,10,0
25333,9,9,66,0
25334,1,0,3,0
25335,5,1,22,1
25336,7,13,59,1
25337,1,1,19,1
25338,3,2,19,0
25339,1,0,7,0
25340,1,0,8,0
25341,1,0,8,0
25342,1,0,8,0
25343,2,2,19,0
25344,2,1,10,0
25345,1,0,11,0
25346,1,1,9,0
25347,1,0,7,0
25348,1,0,8,0
25349,2,0,15,0
25350,24,19,89,1
25351,2,3,10,0
25352,4,3,32,1
25353,1,0,6,0
25354,11,5,74,1
25355,4,2,32,1
25356,6,5,44,0
25357,1,0,8,0
25358,2,0,15,0
25359,1,0,7,0
25360,18,10,107,1
25361,1,0,7,1
25362,1,0,6,0
25363,1,4,12,0
25364,2,1,12,0
25365,3,1,17,0
25366,4,0,17,0
25367,6,0,15,0
25368,2,0,14,0
25369,2,0,10,0
25370,13,6,70,0
25371,4,3,24,0
25372,1,0,6,0
25373,3,1,12,0
25374,1,0,5,0
25375,1,0,8,0
25376,2,0,9,0
25377,2,0,9,0
25378,1,0,6,0
25379,1,0,7,0
25380,7,0,8,0
25381,3,4,19,0
25382,16,9,76,0
25383,3,1,8,0
25384,5,4,27,0
25385,3,1,20,0
25386,6,1,27,0
25387,96,8,423,0
25388,4,2,10,0
25389,16,3,49,0
25390,32,5,85,0
25391,29,11,165,0
25392,11,5,61,0
25393,12,10,63,0
25394,3,4,16,0
25395,4,1,19,0
25396,6,1,25,0
25397,5,1,35,0
25398,1,1,14,0
25399,5,1,25,0
25400,5,2,30,0
25401,2,1,17,0
25402,4,1,15,0
25403,13,1,49,0
25404,14,1,52,0
25405,7,2,42,0
25406,13,5,62,0
25407,13,10,65,0
25408,17,9,75,0
25409,2,1,10,0
25410,1,0,3,0
25411,1,0,7,0
25412,1,0,3,0
25413,1,0,3,0
25414,2,1,6,0
25415,1,0,7,0
25416,1,0,3,0
25417,1,0,3,0
25418,2,1,6,0
25419,1,1,6,0
25420,1,1,6,0
25421,2,1,15,0
25422,1,1,9,0
25423,1,1,9,0
25424,1,5,20,0
25425,1,0,3,0
25426,1,1,16,0
25427,1,0,5,0
25428,1,0,4,0
25429,1,1,5,0
25430,2,1,9,0
25431,3,0,18,0
25432,10,4,38,0
25433,6,0,14,0
25434,13,2,47,0
25435,2,0,11,0
25436,2,0,11,0
25437,2,1,11,0
25438,4,1,21,0
25439,3,3,19,1
25440,4,1,23,0
25441,3,1,18,1
25442,3,2,22,1
25443,3,2,20,1
25444,3,2,13,1
25445,3,2,13,0
25446,1,2,8,1
25447,3,2,21,0
25448,8,6,44,1
25449,18,5,91,1
25450,3,2,21,0
25451,4,3,22,0
25452,8,2,41,0
25453,3,2,47,1
25454,4,1,22,0
25455,4,2,24,1
25456,11,9,82,1
25457,2,2,10,1
25458,6,3,28,1
25459,5,2,28,0
25460,2,1,10,0
25461,10,2,50,0
25462,10,6,29,0
25463,10,2,50,0
25464,1,0,3,0
25465,3,1,22,0
25466,6,3,18,0
25467,1,1,7,0
25468,1,0,10,0
25469,3,1,12,0
25470,11,4,41,0
25471,7,6,59,0
25472,5,6,42,0
25473,1,1,8,0
25474,2,0,9,0
25475,7,6,39,0
25476,1,1,12,0
